{"cameraMode":{"drawMode":0,"name":"Shaded","section":"Shading Mode"},"sceneLighting":true,"audioPlay":false,"sceneViewState":{"showFog":true,"showMaterialUpdate":false,"showSkybox":true,"showFlares":true,"showImageEffects":true,"showParticleSystems":true},"in2DMode":false,"pivot":{"x":5.010593414306641,"y":5.752538204193115,"z":-5.533620834350586},"rotation":{"x":-0.015480500645935536,"y":0.9772220849990845,"z":-0.07668272405862808,"w":-0.1972779780626297},"size":10.0,"orthographic":false}